run,timesteps,goodput_mbps,goodput_mbps_std,observed_tbler,mean_mcs,eval_seconds
munich_gamma0_seed0,0,16.603175714285715,8.417364085057779,0.39987500000000004,14.936339285714284,60.51720330000535
munich_gamma0_seed0,100000,35.328399999999995,15.496018921806968,0.10941071428571426,15.120803571428572,59.982656000000134
munich_gamma0_seed0,200000,36.87594742857143,16.10090801468925,0.11928571428571429,15.68807142857143,60.31494499999826
munich_gamma0_seed0,300000,37.524494000000004,16.70368399663006,0.12653571428571428,15.847875,60.762577900000906
munich_gamma0_seed0,400000,37.54718342857143,16.807240887948144,0.12674999999999997,15.880071428571428,60.77387570000428
munich_gamma0_seed0,500000,37.706782,16.851501938223738,0.12903571428571428,15.934642857142856,62.83341640000435
munich_gamma0_seed0,600000,37.66056257142857,16.854885587284183,0.13217857142857142,15.959125,60.46332309999707
munich_gamma0_seed0,700000,37.530066285714284,17.34562145312324,0.15653571428571428,16.095803571428572,62.695557400002144
munich_gamma0_seed0,800000,37.377959999999995,16.48318500833712,0.12569642857142857,15.832107142857142,61.95069109999895
munich_gamma0_seed0,900000,37.523398285714286,16.621192299926356,0.13575,15.98530357142857,61.14972229999694
munich_gamma0_seed0,1000000,37.529600285714274,16.671987739944957,0.12635714285714286,15.861732142857145,60.43120050000289
munich_gamma0_seed0,1015808,37.709605714285715,16.787144899689125,0.12898214285714288,15.950464285714286,60.326378400000976
munich_gamma0_seed1,0,13.799205428571428,8.292596065883469,0.3884821428571429,12.923607142857142,59.80840460000036
munich_gamma0_seed1,100000,34.99925457142857,15.821943193225103,0.10821428571428571,15.0515,59.30857290000131
munich_gamma0_seed1,200000,36.87910828571428,16.342797412806412,0.11710714285714285,15.653732142857141,59.222458000003826
munich_gamma0_seed1,300000,37.158977428571426,16.50628423021819,0.11951785714285715,15.775160714285716,59.27415579999797
munich_gamma0_seed1,400000,37.39987428571429,16.612767955601868,0.12412500000000001,15.900428571428572,59.237279499997385
munich_gamma0_seed1,500000,37.421428285714285,16.610763938596456,0.12953571428571428,15.953999999999999,59.432197399997676
munich_gamma0_seed1,600000,37.50164257142857,16.62738182929434,0.12916071428571427,15.972696428571428,59.062963700002
munich_gamma0_seed1,700000,37.48900114285714,16.62417159883992,0.12678571428571428,15.85242857142857,59.23227549999865
munich_gamma0_seed1,800000,37.39595514285714,16.501543198138457,0.12580357142857143,15.793589285714287,59.34891169999901
munich_gamma0_seed1,900000,37.618632,16.67046307216436,0.12923214285714285,15.914964285714287,59.0744399000032
munich_gamma0_seed1,1000000,37.778648285714276,16.837442227161414,0.13317857142857142,16.034607142857144,59.458997799993085
munich_gamma0_seed1,1015808,37.75608714285714,16.8827770513752,0.1342142857142857,16.036696428571428,59.16362500000105
munich_gamma0_seed2,0,15.039060000000001,8.822854863480636,0.3413214285714285,14.20669642857143,59.465959300003306
munich_gamma0_seed2,100000,33.27051,14.322975617810595,0.11367857142857142,14.793285714285714,59.255132599995704
munich_gamma0_seed2,200000,36.48725628571428,15.88175159834212,0.11476785714285716,15.518053571428572,59.160325199998624
munich_gamma0_seed2,300000,37.48521457142857,16.72776880969132,0.12773214285714288,15.937982142857141,59.31382339999982
munich_gamma0_seed2,400000,37.07368485714285,16.458343291488518,0.12728571428571428,15.912107142857142,59.12548900000547
munich_gamma0_seed2,500000,37.62389485714285,16.780967148862526,0.12783928571428574,16.001303571428572,59.56043040000077
munich_gamma0_seed2,600000,37.55871028571429,16.65697050257317,0.12733928571428574,16.566196428571427,59.23610119999648
munich_gamma0_seed2,700000,37.64703171428572,16.708260347990322,0.13580357142857144,16.113928571428573,59.29862400000275
munich_gamma0_seed2,800000,37.60342342857143,16.7573292501823,0.12755357142857143,16.000053571428573,59.29852689999825
munich_gamma0_seed2,900000,37.75161942857142,16.85111587775342,0.13492857142857143,16.133017857142857,59.44633199999953
munich_gamma0_seed2,1000000,37.565410285714286,16.689914413224958,0.12805357142857143,15.912839285714284,59.14175109999633
munich_gamma0_seed2,1015808,37.58466942857143,16.699802362633566,0.12807142857142859,15.920285714285713,59.36818420000054
