scenario,category,route,trajectory,bias_mcs14_mean_db,bias_mcs14_block_std_db,bias_mcs14_block_range_db,bias_mcs14_q4_minus_q1_db,bias_chosen_mcs_mean_db,olla_offset_mean_db,wideband_block_range_db,slot_to_slot_wideband_change_db,tbler
munich,nlos,north-street,0,0.5387364552398155,0.494929363829132,1.7235024785299355,0.9367880349811766,0.5044994591403127,0.08105203548446298,4.674736952781677,0.053204506844490976,0.055
munich,nlos,north-street,0,1.5614830801158543,0.7949405591212415,2.467175274828477,-1.9028502132428002,1.1483941673308542,0.8873772575650364,7.935217995643615,0.04084772867960734,0.054
munich,nlos,north-street,0,1.7156217117892245,0.10838205169550467,0.41405905902730056,0.184922833498403,1.6913913739557143,1.2392254189196974,0.7111613273620598,0.041490499918405956,0.054
munich,nlos,north-street,0,1.325371498363335,0.16393474149439236,0.6525055562372728,0.007618129921178829,1.3948209989246834,1.0355417327750474,1.0255990409851075,0.0175118474988966,0.054
munich,nlos,north-street,1,0.910477934835765,0.40640500150585407,1.3737438559495732,-0.4258465288598481,1.0938927132755165,0.6713150406740606,8.191648049354553,0.02273214680773837,0.055
munich,nlos,north-street,1,0.8966224078214736,0.2524367156535424,0.842155499299521,-0.26372635868036454,1.3104161512709234,0.940265965519473,4.226925613880157,0.0335244173044199,0.053
munich,nlos,north-street,1,3.2443906009998336,0.7395685637345086,2.1294378453290004,1.4959694698420032,1.6125019643248846,1.144220376977697,10.650754280090332,0.043057561994672894,0.052
munich,nlos,north-street,1,5.225872067248055,0.9878525296470337,3.6910149427383314,-0.7538783151574835,2.307917910968019,1.9429069342520089,5.013582496643064,0.07536933562896392,0.057
munich,nlos,north-street,2,2.302514288151635,0.3291591306848406,1.079796237224353,-0.04254303142262561,1.2055540616302298,1.0039572879616172,6.0025140571594235,0.07576893375919865,0.053
munich,nlos,north-street,2,1.2208305362184746,0.3793139334703943,1.172094934542477,-0.589285216509687,1.006332519952898,1.0363252454772591,2.916268382072449,0.2150760043013442,0.054
munich,nlos,north-street,2,0.7304186854866285,0.2311417289685554,0.8832781010563986,0.3874066875138561,0.6073929597042754,0.65211469755508,5.1639017868042,0.2087923017320213,0.053
munich,nlos,north-street,2,2.035787997052329,0.3308083169060207,1.0572106522188216,-0.26192129158837973,1.5974846556922855,1.35633651025407,2.2555203247070317,0.10387095698603878,0.054
munich,nlos,north-street,3,4.0926125657398496,1.6158159782851778,4.812944580791259,-3.7646807082742066,1.8394947083000646,1.6673908300157636,4.515451917648317,0.02923044428095087,0.049
munich,nlos,north-street,3,4.096417873107823,1.281616373142672,4.63470402300585,2.2164855109875456,1.8690440639366812,1.4092270259764046,6.714228391647341,0.03282308721685553,0.057
munich,nlos,north-street,3,3.935373105534879,0.7714657862729726,2.3161193198987875,0.9626020762094192,1.7467913596300026,1.4573863057736307,4.612575960159301,0.08646053928990025,0.054
munich,nlos,north-street,3,1.0186057562894417,0.2929648914480083,0.9605445101613153,-0.5282320860746482,0.9548508781864179,0.6352648101132363,5.80725832939148,0.03492629372918451,0.054
munich,nlos,north-street,4,3.5943811805665296,0.9598701057651999,3.072319881851829,-1.9986138026253957,1.6564450830449018,1.2023857832532376,4.954290075302126,0.015820834491107317,0.055
munich,nlos,north-street,4,0.7928855197854344,0.47569823969951847,1.5590306502134434,0.5450412199229387,1.062212956628884,0.5578980411589146,6.388637821674347,0.03830727013023766,0.054
munich,nlos,north-street,4,1.98027551897661,0.8149123789745509,2.3698189584619147,-1.8012144381294655,1.4958339883297875,1.2529159798454492,5.8568480014801025,0.03654263661549733,0.051
munich,nlos,north-street,4,4.187001773824322,1.2010586422804048,4.467409193973851,-0.1733565497292977,1.7328909001438855,1.5152772691715508,13.428647379875184,0.05647588563752962,0.055
munich,transition,nw-avenue,0,0.6947985087226943,0.4154462163282632,1.1699349467693199,0.8576702350840468,0.251527119375638,-0.012633324421942234,1.2633944606781,0.03290112717850908,0.05
munich,transition,nw-avenue,0,2.1065556905084684,1.4003621930476482,3.655853597744486,2.3360557411481286,0.9107920619825404,0.5955293320566416,2.113633871078491,0.06708240413570309,0.054
munich,transition,nw-avenue,0,0.16167126273901028,0.12645239626803212,0.3986149558810066,-0.30507487812657946,0.051577355425905365,-0.4700024077836424,2.6863974094390866,0.014324207325000782,0.048
munich,transition,nw-avenue,0,0.9444847383650914,0.9165813778405177,2.3779111011217378,2.2019065573407746,0.37788125280691753,-0.17552313900925218,7.244105825424194,0.024137088367053576,0.057
munich,transition,nw-avenue,1,2.4273952734182638,1.0240387095976629,3.224179512016208,-0.9590249446093146,1.4946586423203294,1.1818602106105536,10.227694573402403,0.028447255238637073,0.051
munich,transition,nw-avenue,1,0.6682296965678104,0.2735104656933807,0.8030280360510619,0.3110712127325108,0.18044301774660176,-0.3255268433187157,5.079829521179198,0.011408765752752265,0.05
munich,transition,nw-avenue,1,0.4226945097608461,0.37871293616599205,1.3601272115929521,0.4327047209473871,0.11899939387553517,-0.29605378706008195,4.140637836456298,0.009878940410442181,0.047
munich,transition,nw-avenue,1,1.1861266338450769,0.6027495337494808,1.9116681748106195,1.2325472610418027,0.6650721950798838,0.14683993973769247,8.310832834243774,0.01679779316211964,0.05
munich,transition,nw-avenue,2,0.5816607246651384,0.33895250713733177,0.9736027064340261,0.06434460720679402,0.1606614188014115,-0.3084221668317914,2.572171573638915,0.00808426663204953,0.047
munich,transition,nw-avenue,2,0.16547218623977455,0.10642098916299263,0.3309052057553505,-0.22273104234595126,0.3275636127516436,-0.0073693147785961624,13.084840156268328,0.023376464873582154,0.047
munich,transition,nw-avenue,2,0.7950044407518563,0.5010222270228011,1.3194342169210571,0.9522109528498218,0.6281979389406862,0.1581568401288241,5.0221009349823,0.04000869670787731,0.054
munich,transition,nw-avenue,2,1.3905309540030701,0.09752173951449053,0.2674467088097854,-0.16578291169341264,0.8252732817012466,0.49026320078782737,3.319546508789063,0.0454513733093445,0.05
munich,transition,nw-avenue,3,0.42983098905827266,0.5085151897382338,1.3038402562968767,-1.1283835601777759,0.14593979084087066,-0.13447459543682636,9.350885405540465,0.03647746600665607,0.047
munich,transition,nw-avenue,3,0.2008661364942141,0.1471365116586543,0.41319238968985955,-0.007505604179256775,0.1486672333137016,-0.12710647326521576,6.435589923858642,0.019185807492520596,0.047
munich,transition,nw-avenue,3,0.16230517643199535,0.15838858318286497,0.37257691999898335,0.3229220576393358,0.17539147968576557,-0.17368682005256414,9.457464542388916,0.02022114554205695,0.049
munich,transition,nw-avenue,3,0.1672360031055869,0.13178177054016138,0.41060619616258426,-0.18420601325663322,0.05429450935057618,-0.3371070428173989,3.049933624267579,0.010767551991077992,0.048
munich,transition,nw-avenue,4,1.6979361752338333,2.108499414833838,5.044288766657307,-3.9875103290296736,0.9927969071061665,10.470844091013074,38.63640538215637,0.2648549590621505,0.552
munich,transition,nw-avenue,4,0.06225656003771592,0.0015153436025269382,0.004878798162391368,-0.0008313488373988265,0.21049205127737197,19.19,0.1272484207153317,0.6612947118413579,1.0
munich,transition,nw-avenue,4,0.05014171532873035,0.007390939156053123,0.025625301669653322,-0.014269262888805485,0.16940968076235507,19.19,1.2836260223388676,0.2762287562793201,1.0
munich,transition,nw-avenue,4,0.004332930799739536,0.00032826203604709685,0.0010945471371035611,0.00020642289505856583,0.014846003790015206,19.19,0.20817270278930877,0.12118976657932347,1.0
munich,transition,nw-avenue,5,0.023524712602875354,0.0035836988969711867,0.010248758338355087,-0.005731867378849287,0.08027324644366937,19.19,0.8086756038665772,0.15532349824189423,1.0
munich,transition,nw-avenue,5,0.47732070580404196,0.6494575798981012,1.68557868800865,1.4573750858916887,1.1948126539256092,18.29171674823761,21.443237123489382,0.14105790179293673,0.63
munich,transition,nw-avenue,5,2.778005651913257,0.1577693813020448,0.44894374415988425,-0.34401940116827223,1.4836912913312115,1.1605403247419745,1.8010042858123771,0.035232255647371,0.055
munich,transition,nw-avenue,5,1.52521782454508,1.6076875114056428,4.194566356505164,-3.445891433903445,0.715641571048648,0.35264026884362104,5.28244562149048,0.04956330479802312,0.051
munich,los,nw-diagonal,0,1.8487886440214987,0.7583899265420729,2.4599773352489334,-1.3036235676329593,0.922766126968583,0.7965838959757239,9.51304540157318,0.3208121131728958,0.055
munich,los,nw-diagonal,0,0.5782086597035204,0.3094080665935317,1.017209739575285,0.34626645979319237,1.19355949837618,4.06896160440892,9.956604572031647,0.31348301140261486,0.05
munich,los,nw-diagonal,0,0.4602966660706996,0.333556884228239,1.1092146418515578,-0.5443154509830822,0.4715786071382789,-0.025528707418590785,5.672644870281219,0.11249383099682934,0.055
munich,los,nw-diagonal,0,0.07752638969976672,0.04588989750743032,0.1661022060230876,-0.0825282492410869,0.2596922079085806,13.62633851982467,10.539993041306735,0.16144005026299138,0.535
munich,los,nw-diagonal,1,0.20908695861903046,0.05218760338281464,0.19203305479581673,0.04329126817683582,0.2311912509105885,-0.07552735556103289,5.168860864639283,0.05861746560823213,0.051
munich,los,nw-diagonal,1,0.18689828483192938,0.11089124039957965,0.3491605998607345,-0.11177737683928593,0.2092917890434427,-0.21684355383180082,2.3096882486343384,0.05076960686806802,0.047
munich,los,nw-diagonal,1,0.5579846424939494,0.26988571528654737,0.7291266459615664,0.11544139728669722,0.17908202009734406,-0.11342148118466139,2.1847518444061276,0.03903891971042087,0.05
munich,los,nw-diagonal,1,0.17384088062095326,0.10331079313095214,0.3612013677449217,0.051364851419323454,0.1543931957186733,-0.41026470296271145,0.9544595718383793,0.028705503370191482,0.051
munich,los,nw-diagonal,2,1.3875825706860667,0.5115077475570495,1.5373724132206386,-0.30819455142453034,0.530956754912811,0.08947165260650218,6.385404977798462,0.04414848426918129,0.051
munich,los,nw-diagonal,2,0.31139131503352013,0.3768522658461277,1.130926750875909,-0.7705002963186979,0.18292830188466763,-0.2939491347465664,2.8634560394287103,0.03082484072512454,0.048
munich,los,nw-diagonal,2,0.31225129226381154,0.1628879751051825,0.47542232430294507,0.42396257271351057,0.08735834844853775,-0.5168433322273195,5.716025924682617,0.022279478766180732,0.05
munich,los,nw-diagonal,2,0.29999305825118633,0.20293777362447046,0.7148125045469693,0.39646566122313964,0.2013391211959359,-0.15289612234570085,8.263683996200562,0.040992053779395854,0.052
tdl,tdl,tdl,0,2.5082671340676037,0.197552055434077,0.6083813179342594,-0.050543688236442286,1.859527924175341,3.282917878670618,1.5154885721206668,1.383722980220516,0.062
tdl,tdl,tdl,1,5.671427902783964,0.21903075582227843,0.7056023495626027,0.0073813437392740155,2.9402852500144627,4.308443128971383,1.7903773880004898,1.514074697866812,0.068
tdl,tdl,tdl,2,0.7725039513807915,0.050413326750495854,0.15044765039099006,-0.017305098176403133,1.3873615994707087,3.1013385418411343,1.818378436267376,1.4013315607850496,0.063
tdl,tdl,tdl,3,1.7021933177561137,0.14616420873472466,0.5086751843068211,-0.15175876123810328,1.7159519756927903,2.8934438488241283,1.6568815016746523,1.2799911226954188,0.061
tdl,tdl,tdl,4,0.518707932797846,0.049717656135105585,0.16643888453782452,0.0005336519029586206,1.1811811023166932,2.7397594297379255,3.0792900875210765,1.35811369880303,0.064
tdl,tdl,tdl,5,4.388724123207307,0.28224261328480804,1.058579630391547,-0.1553579471800326,2.399095396944439,3.584759976113215,1.9482214450836182,1.387566586514493,0.062
tdl,tdl,tdl,6,1.1822021303879842,0.09949539906731932,0.3357981254225306,0.058138470053049174,1.5600269582622623,2.8252859668787567,2.517633383274079,1.2116556655059945,0.062
tdl,tdl,tdl,7,1.1048292349541793,0.05702553425919694,0.1867131230127792,-0.0931633398950582,1.5054266864660428,2.8208125160913915,2.185654456615447,1.2317523919157796,0.061
tdl,tdl,tdl,8,4.4480526908757545,0.19007401676830232,0.6490537916876846,-0.2539729431932569,2.4259298408605265,3.7329177580121904,2.4421204185485834,1.3192001148029133,0.065
tdl,tdl,tdl,9,1.5631770097178497,0.16894667920486317,0.6276166648014787,-0.10687486444592609,1.744206758929669,3.158706953106448,3.474936130046844,1.257642051479122,0.063
