scenario,policy,target,category,episodes,tbler,tbler_q1,tbler_q2,tbler_q3,tbler_q4,infeasible_slot_share,tbler_feasible_slots,tbler_feasible_q1,tbler_feasible_q2,tbler_feasible_q3,tbler_feasible_q4,tbler_infeasible_slots,nack_share_in_infeasible,mcs3_share
munich,"OLLA tuned (0.05, 0.25 dB)",0.05,all,56,0.14742857142857144,0.14357142857142857,0.1515,0.16021428571428573,0.13442857142857143,0.10244642857142858,0.050772934365238845,0.0572642177298828,0.04945582586427657,0.04955537590945837,0.0467518133081047,0.9942478647376678,0.6908914728682171,0.11482142857142857
munich,"OLLA tuned (0.05, 0.25 dB)",0.05,los,12,0.09125,0.06,0.12,0.125,0.06,0.048916666666666664,0.04740208534127749,0.04994937563280459,0.04591467823571945,0.045454545454545456,0.04805725971370143,0.9437819420783645,0.5059360730593607,0.07633333333333334
munich,"OLLA tuned (0.05, 0.25 dB)",0.05,transition,24,0.2535,0.25083333333333335,0.249,0.2695,0.24466666666666667,0.21458333333333332,0.049549071618037135,0.05368421052631579,0.047357293868921777,0.0512987012987013,0.045894736842105266,1.0,0.846482577251808,0.22975
munich,"OLLA tuned (0.05, 0.25 dB)",0.05,nlos,20,0.05385,0.065,0.0534,0.0502,0.0468,0.0,0.05385,0.065,0.0534,0.0502,0.0468,nan,0.0,0.0
munich,PPO-Munich seed 0,0.05,all,56,0.12898214285714285,0.12035714285714286,0.13564285714285715,0.14264285714285715,0.11728571428571428,0.10244642857142858,0.030081769890376617,0.03169983481475655,0.0316101152368758,0.029668552950687148,0.02735730053610848,0.9954680146417989,0.7906686972172228,0.10167857142857142
munich,PPO-Munich seed 0,0.05,los,12,0.0585,0.026333333333333334,0.08533333333333333,0.09333333333333334,0.029,0.048916666666666664,0.012354332778410585,0.015862301721228485,0.007953723788864787,0.01090909090909091,0.014314928425357873,0.9557069846678024,0.7991452991452992,0.04616666666666667
munich,PPO-Munich seed 0,0.05,transition,24,0.22770833333333335,0.2245,0.229,0.23816666666666667,0.21916666666666668,0.21458333333333332,0.016710875331564987,0.020421052631578947,0.021987315010570826,0.010606060606060607,0.01368421052631579,1.0,0.9423604757548033,0.21416666666666667
munich,PPO-Munich seed 0,0.05,nlos,20,0.0528,0.0518,0.0538,0.0576,0.048,0.0,0.0528,0.0518,0.0538,0.0576,0.048,nan,0.0,0.0
tdl,"OLLA (0.05, 0.25 dB)",0.05,all,10,0.0631,0.1036,0.0472,0.0516,0.05,0.0008,0.06255004003202562,0.10288230584467574,0.04683746997598078,0.05084067253803042,0.049639711769415534,0.75,0.009508716323296355,0.0138
tdl,"OLLA (0.05, 0.25 dB)",0.05,tdl,10,0.0631,0.1036,0.0472,0.0516,0.05,0.0008,0.06255004003202562,0.10288230584467574,0.04683746997598078,0.05084067253803042,0.049639711769415534,0.75,0.009508716323296355,0.0138
tdl,"OLLA M3 tuned (0.1, 0.25 dB)",0.1,all,10,0.1102,0.144,0.0956,0.1004,0.1008,0.0008,0.10968775020016013,0.1433146517213771,0.09527622097678143,0.09967974379503602,0.10048038430744596,0.75,0.0054446460980036296,0.0087
tdl,"OLLA M3 tuned (0.1, 0.25 dB)",0.1,tdl,10,0.1102,0.144,0.0956,0.1004,0.1008,0.0008,0.10968775020016013,0.1433146517213771,0.09527622097678143,0.09967974379503602,0.10048038430744596,0.75,0.0054446460980036296,0.0087
