bler_target,delta_up_db,goodput_mbps,observed_tbler,mean_mcs,selected
0.05,0.1,37.915158857142856,0.15094642857142856,16.30980357142857,False
0.05,0.25,38.016121999999996,0.14742857142857144,16.28730357142857,True
0.05,0.5,37.91034285714286,0.1464642857142857,16.242857142857144,False
0.05,1.0,37.767973999999995,0.1464642857142857,16.214750000000002,False
0.1,0.1,36.736098000000005,0.19335714285714287,16.57326785714286,False
0.1,0.25,36.740854,0.19117857142857145,16.54869642857143,False
0.1,0.5,36.64388457142858,0.19075000000000003,16.532089285714285,False
0.1,1.0,36.454547142857145,0.19103571428571428,16.500517857142857,False
0.2,0.1,33.37839314285714,0.28048214285714285,16.849196428571428,False
0.2,0.25,33.33678742857143,0.2795714285714286,16.861732142857143,False
0.2,0.5,33.222191714285714,0.2799821428571429,16.862464285714285,False
0.2,1.0,32.99649542857143,0.2800714285714286,16.82026785714286,False
