realization,comparison,category,primary,episodes,trajectories,goodput_diff_mbps,ci_low,ci_high,pct,pct_ci_low,pct_ci_high,tbler_diff,tbler_ci_low,tbler_ci_high
main,fixed MCS 14 - OLLA tuned,all,False,92,23,-14.031121043478258,-17.46119872173913,-10.781839126086957,-39.16775891671166,-44.37460448297333,-33.5988638120302,0.19594565217391302,0.13160815217391306,0.26685
main,fixed MCS 14 - OLLA tuned,los,False,20,5,-17.305904000000005,-21.969534400000004,-12.6422736,-40.87121726826964,-45.270001486870356,-35.222471818453236,0.16265,0.08504999999999999,0.22954999999999998
main,fixed MCS 14 - OLLA tuned,transition,False,40,10,-16.1240124,-22.260620930000005,-10.08491136,-41.98634899957628,-50.15871325094717,-31.240652497830624,0.20390000000000003,0.118425,0.29157562499999995
main,fixed MCS 14 - OLLA tuned,nlos,False,32,8,-9.368267500000002,-12.121358537499999,-6.532959825,-32.84378282191945,-41.49320240093708,-26.670624893348847,0.20681249999999998,0.06153046875000002,0.37409843749999994
main,ILLA 0.1 - OLLA tuned,all,False,92,23,-5.181807652173913,-8.35522528695652,-2.081091995652174,-14.464973414754793,-21.95316885298491,-6.379700934727386,0.19098913043478263,0.14561440217391308,0.23943722826086958
main,ILLA 0.1 - OLLA tuned,los,False,20,5,-7.101519200000001,-10.6686376,-4.2103304,-16.771602001142984,-25.60972826154772,-10.117523997267682,0.19965,0.14055,0.25105
main,ILLA 0.1 - OLLA tuned,transition,False,40,10,-3.7153219999999996,-8.730240790000002,1.3525518299999952,-9.674565007020442,-20.822758240618864,4.210444379764691,0.16482500000000003,0.10357437500000001,0.22667562500000002
main,ILLA 0.1 - OLLA tuned,nlos,False,32,8,-5.8150949999999995,-12.148353649999999,-0.6050034999999999,-20.386877004614735,-36.07439488793884,-2.8287162139260116,0.21828125,0.1263671875000001,0.3286687499999998
main,OLLA default - OLLA tuned,all,False,92,23,-0.30070904347826066,-1.3445998217391297,0.8911701173913043,-0.8394268200334573,-3.3648238561860895,2.8559362484596464,0.043271739130434785,0.040195652173913056,0.045923913043478266
main,OLLA default - OLLA tuned,los,False,20,5,-1.6792447999999998,-2.4824751999999988,-0.5254703999999998,-3.9658592274296667,-5.215456973165309,-1.434934475608275,0.04815000000000001,0.04585,0.05015000000000001
main,OLLA default - OLLA tuned,transition,False,40,10,0.009998000000000173,-1.6764801999999992,2.2104215,0.02603443280022353,-3.7177286784395913,6.932938084545433,0.04245,0.037750000000000006,0.046450000000000005
main,OLLA default - OLLA tuned,nlos,False,32,8,0.1724920000000003,-1.4412219999999993,2.1417909999999987,0.6047318553316862,-4.168934955579045,9.682051899886243,0.04125000000000001,0.03559375000000001,0.045875
main,oracle 0.1 - OLLA tuned,all,False,92,23,2.948602608695653,1.8591199565217398,4.204331613043477,8.230999915167782,4.782312334841422,13.307773785996092,-0.01910869565217391,-0.02346739130434783,-0.014423641304347827
main,oracle 0.1 - OLLA tuned,los,False,20,5,2.0007808000000002,1.1655159999999998,2.962767200000001,4.725228267935748,2.8756699466470494,7.815673057270706,-0.02705,-0.0318,-0.022699999999999998
main,oracle 0.1 - OLLA tuned,transition,False,40,10,3.548336400000001,1.6428576000000006,6.17166606,9.239740503939338,3.657162802046736,19.443378063534244,-0.018174999999999997,-0.023925624999999992,-0.01174937500000001
main,oracle 0.1 - OLLA tuned,nlos,False,32,8,2.7913240000000004,1.2754045125000004,4.6900055,9.785975821208293,3.894664381419671,20.6930249851938,-0.0153125,-0.023874999999999997,-0.006312500000000003
main,PPO-TDL seed 0 - OLLA tuned,all,False,92,23,-0.6496867826086956,-1.9433973739130428,0.7643016652173913,-1.813595306728485,-4.812635323997774,2.444619054384411,-0.01277173913043478,-0.026489130434782605,0.002532880434782605
main,PPO-TDL seed 0 - OLLA tuned,los,False,20,5,-2.4200752,-4.324463199999999,-0.7481928000000004,-5.715472552300711,-8.59730811921501,-2.0982659305797444,-0.0279,-0.0485,-0.004949999999999997
main,PPO-TDL seed 0 - OLLA tuned,transition,False,40,10,-0.6261988,-2.8654706300000004,1.9240881499999958,-1.630599177653564,-6.272711701855925,6.1690519141619085,-0.012674999999999997,-0.031575,0.013924999999999998
main,PPO-TDL seed 0 - OLLA tuned,nlos,False,32,8,0.4274460000000001,-1.1280280000000005,2.2973925000000004,1.4985634848810818,-3.400045622293837,10.0529843736848,-0.0034374999999999983,-0.027752343749999984,0.021843750000000002
main,PPO-TDL seed 1 - OLLA tuned,all,False,92,23,-0.6638132173913042,-1.9436770434782595,0.740627508695652,-1.8530291331635462,-4.845791727723483,2.3544670742636007,0.0022282608695652203,-0.017326358695652175,0.024120108695652162
main,PPO-TDL seed 1 - OLLA tuned,los,False,20,5,-2.3949255999999997,-4.278337599999999,-0.7608376,-5.6560769399241435,-8.659812673000026,-2.051206320388244,-0.018150000000000006,-0.04675,0.011249999999999996
main,PPO-TDL seed 1 - OLLA tuned,transition,False,40,10,-0.5811839999999999,-2.790218939999999,1.956319499999997,-1.5133822557076262,-6.1351066189975665,6.201396913570037,0.0003499999999999989,-0.026900624999999994,0.03542499999999999
main,PPO-TDL seed 1 - OLLA tuned,nlos,False,32,8,0.3148455000000002,-1.297247549999998,2.1910585000000005,1.1038025146547794,-3.860575040415476,9.653395395307733,0.017312500000000005,-0.021157031249999993,0.05684375
main,PPO-TDL seed 2 - OLLA tuned,all,False,92,23,-0.8240657391304346,-2.0747755826086953,0.5529011043478262,-2.300372728719713,-5.162883834119414,1.792168980268211,0.0005000000000000021,-0.018739402173913042,0.021706793478260867
main,PPO-TDL seed 2 - OLLA tuned,los,False,20,5,-2.537524,-4.4432095999999985,-0.9050880000000003,-5.992850458863554,-8.758425214384612,-2.5382699680838403,-0.019600000000000006,-0.04800000000000001,0.009349999999999997
main,PPO-TDL seed 2 - OLLA tuned,transition,False,40,10,-0.7303736,-2.881963019999999,1.7791150000000004,-1.9018666141485305,-6.330839624997328,5.647835432102886,-0.0006500000000000019,-0.026775,0.0343
main,PPO-TDL seed 2 - OLLA tuned,nlos,False,32,8,0.1297305000000002,-1.4414455,1.9833315249999999,0.45481625790243774,-4.258832251067191,8.831177705673875,0.014500000000000002,-0.023843749999999997,0.053125
main,PPO-Munich seed 0 - OLLA tuned,all,False,92,23,0.9770379130434782,-0.21913961304347776,2.341656043478261,2.727393293236637,-0.5499284702044533,7.5039379437225096,-0.017195652173913046,-0.024619565217391302,-0.00965217391304348
main,PPO-Munich seed 0 - OLLA tuned,los,False,20,5,-0.4654367999999997,-2.116881599999998,0.982452799999999,-1.0992184272747698,-4.238375395883922,2.7552353332492263,-0.026849999999999995,-0.0403,-0.0118
main,PPO-Munich seed 0 - OLLA tuned,transition,False,40,10,1.1117147999999997,-0.9560188000000011,3.6449021299999984,2.8948653984410315,-2.0952239675661186,11.613849253083652,-0.01605,-0.025924999999999997,-0.006099999999999994
main,PPO-Munich seed 0 - OLLA tuned,nlos,False,32,8,1.7102385,0.1150785000000002,3.6647501499999984,5.995847350396994,0.34926056960938473,16.295598515603093,-0.012593749999999999,-0.02634375,0.0015937499999999988
main,PPO-Munich seed 1 - OLLA tuned,all,False,92,23,1.254445217391304,0.10747627826086945,2.588773030434782,3.5017735002608514,0.26640891435922764,8.239007414487384,-0.013510869565217387,-0.021685054347826086,-0.005227717391304355
main,PPO-Munich seed 1 - OLLA tuned,los,False,20,5,0.2203399999999988,-0.37961200000000056,1.2391047999999985,0.5203752437833055,-0.8318207382774652,3.454830711265608,-0.02375,-0.0378,-0.008499999999999997
main,PPO-Munich seed 1 - OLLA tuned,transition,False,40,10,1.3052903999999999,-0.8081034600000006,3.8847331699999983,3.3989293062188732,-1.7596459028471154,12.494015217542216,-0.011299999999999998,-0.022850624999999996,-0.00022499999999999902
main,PPO-Munich seed 1 - OLLA tuned,nlos,False,32,8,1.8372045,0.2579089999999994,3.7564044624999986,6.440971673519473,0.7681978660779948,16.763622066425754,-0.009874999999999998,-0.024844531249999992,0.00609375
main,PPO-Munich seed 2 - OLLA tuned,all,False,92,23,0.6540116521739128,-0.5803227869565225,2.047853656521737,1.8256681445261023,-1.452072568678079,6.5728201092057015,-0.017163043478260864,-0.024684782608695645,-0.009456521739130435
main,PPO-Munich seed 2 - OLLA tuned,los,False,20,5,-0.9114392000000004,-2.384433600000002,0.47553999999999935,-2.1525387850306967,-4.781408249517125,1.333626012744161,-0.027200000000000002,-0.0408,-0.012849999999999997
main,PPO-Munich seed 2 - OLLA tuned,transition,False,40,10,0.6369811999999995,-1.5471360000000003,3.241531089999999,1.6586761598725186,-3.4145997604386675,10.303486287539,-0.015724999999999996,-0.026375,-0.004824999999999998
main,PPO-Munich seed 2 - OLLA tuned,nlos,False,32,8,1.6537064999999997,0.11670799999999992,3.5645837124999975,5.797654383502234,0.3425608361322874,15.80265796825025,-0.012687499999999999,-0.02575,0.0013437500000000012
main,PPO-TDL - OLLA tuned,all,True,92,23,-0.7125219130434782,-1.9856349594202896,0.6875375043478257,-1.9889990562039148,-4.931801722532294,2.1942064253289604,-0.003347826086956519,-0.020739311594202902,0.015884510869565216
main,PPO-TDL - OLLA tuned,los,False,20,5,-2.4508416,-4.332887733333333,-0.7922285333333341,-5.7881333170294695,-8.680051332705494,-2.2217617447354385,-0.021883333333333334,-0.04775,0.005116666666666663
main,PPO-TDL - OLLA tuned,transition,False,40,10,-0.6459188000000002,-2.847131676666666,1.8833192466666648,-1.6819493491699073,-6.252536354838409,6.01597980134801,-0.004324999999999996,-0.028200000000000003,0.027767083333333328
main,PPO-TDL - OLLA tuned,nlos,False,32,8,0.2906740000000003,-1.3055510916666662,2.149466833333334,1.0190607524794335,-3.8283863773860074,9.460450174368146,0.009458333333333332,-0.024416927083333328,0.04390625
main,PPO-Munich - OLLA tuned,all,True,92,23,0.9618315942028985,-0.2233912434782609,2.3222896101449266,2.6849449793411972,-0.555913746995364,7.434285736286727,-0.015956521739130432,-0.023576086956521736,-0.008108605072463762
main,PPO-Munich - OLLA tuned,los,False,20,5,-0.3855119999999994,-1.5946037333333334,0.897694400000001,-0.9104606561740511,-3.2528574574072855,2.5175350198401083,-0.02593333333333333,-0.03963333333333334,-0.011083333333333332
main,PPO-Munich - OLLA tuned,transition,False,40,10,1.0179954666666664,-1.0881285066666657,3.594217693333332,2.650823621510808,-2.3891747863014725,11.466959127271748,-0.014358333333333329,-0.025066666666666664,-0.0037666666666666604
main,PPO-Munich - OLLA tuned,nlos,False,32,8,1.7337164999999994,0.16486842916666658,3.6620012374999984,6.078157802472898,0.4857122749812548,16.237388758892255,-0.011718749999999997,-0.02567708333333333,0.002875260416666665
main,PPO-Munich - PPO-TDL,all,True,92,23,1.6743535072463762,1.4078412797101452,1.9586708840579712,4.768795329644027,4.008973341724385,5.543367371196246,-0.012608695652173915,-0.02563867753623187,-0.0012568840579710177
main,PPO-Munich - PPO-TDL,los,False,20,5,2.065329600000001,1.6371344000000019,2.7382839999999993,5.177344248224194,4.100906976820112,6.246108794225835,-0.00405,-0.01935,0.009816666666666668
main,PPO-Munich - PPO-TDL,transition,False,40,10,1.6639142666666669,1.2703346566666667,2.0349367299999996,4.406894707532665,3.26085827446492,5.592034532604459,-0.010033333333333332,-0.03303374999999999,0.007451249999999986
main,PPO-Munich - PPO-TDL,nlos,False,32,8,1.4430424999999991,1.0358447958333328,1.883132499999999,5.008061857147383,3.5320844389212143,6.607048631745227,-0.021177083333333332,-0.04233333333333333,0.00046875000000000047
alt,fixed MCS 14 - OLLA tuned,all,False,92,23,-13.916386782608695,-17.258998178260867,-10.782579391304349,-38.074633972270775,-42.99990913646558,-32.89302821624535,0.1708695652173913,0.12022798913043477,0.2220875
alt,fixed MCS 14 - OLLA tuned,los,False,20,5,-17.200775999999998,-22.085681599999997,-12.463398399999999,-40.392278118834994,-45.34533765301918,-34.3463579454215,0.15050000000000002,0.06850000000000002,0.22329999999999997
alt,fixed MCS 14 - OLLA tuned,transition,False,40,10,-15.777629600000001,-21.816214169999995,-10.018795700000002,-41.451291440074264,-49.24090469042372,-31.49189301018403,0.19822499999999996,0.12249750000000001,0.2728268749999999
alt,fixed MCS 14 - OLLA tuned,nlos,False,32,8,-9.537090000000003,-12.483909500000001,-6.5759785000000015,-30.876316267814122,-35.55406817880147,-25.41979757808791,0.14940625000000002,0.050373437500000014,0.25484531250000003
alt,ILLA 0.1 - OLLA tuned,all,False,92,23,-5.61422747826087,-8.834800030434781,-2.448250730434784,-15.36028421824139,-22.796584244130987,-7.324957463311086,0.19268478260869565,0.14199945652173912,0.24707608695652167
alt,ILLA 0.1 - OLLA tuned,los,False,20,5,-6.6736640000000005,-10.050016000000003,-3.297311999999999,-15.671647160550014,-22.893320371396797,-8.524316132744582,0.17980000000000002,0.12160000000000001,0.238
alt,ILLA 0.1 - OLLA tuned,transition,False,40,10,-3.511298,-8.846952,1.650221339999995,-9.224949527966475,-21.333373525842546,5.077689270716755,0.15330000000000002,0.08799875,0.22505124999999995
alt,ILLA 0.1 - OLLA tuned,nlos,False,32,8,-7.580741500000001,-13.365535999999999,-1.9884275000000002,-24.54264058518307,-36.296990178444496,-8.757858380519234,0.24996875,0.14309375000000002,0.3609375
alt,OLLA default - OLLA tuned,all,False,92,23,-0.31815356521739124,-1.2973267043478258,0.805925804347826,-0.8704544313013411,-3.1788564056087196,2.5032216530802023,0.042880434782608695,0.03994565217391305,0.045434782608695656
alt,OLLA default - OLLA tuned,los,False,20,5,-1.7121743999999999,-2.4761871999999987,-0.6671472,-4.02066886707608,-5.09198074502789,-1.8500259094411196,0.04800000000000001,0.045450000000000004,0.050050000000000004
alt,OLLA default - OLLA tuned,transition,False,40,10,-0.05265359999999988,-1.714187389999999,2.0578246799999995,-0.1383325489507682,-3.8681178535899714,6.538555821130848,0.041525,0.03730000000000001,0.045050625
alt,OLLA default - OLLA tuned,nlos,False,32,8,0.2212344999999999,-1.1934630000000006,1.8361886124999964,0.7162464012976408,-3.3024288884250237,7.496788182976093,0.041375,0.035687500000000004,0.045937500000000006
alt,oracle 0.1 - OLLA tuned,all,False,92,23,3.0453469565217386,2.010109921739131,4.255915052173912,8.33193791602841,5.0714562842080735,13.070329824850699,-0.020489130434782607,-0.024978260869565217,-0.01578260869565217
alt,oracle 0.1 - OLLA tuned,los,False,20,5,1.8487408000000003,1.0724751999999989,2.7557040000000006,4.341365329287325,2.6275538968968375,7.283278959506224,-0.026000000000000006,-0.0309,-0.021799999999999996
alt,oracle 0.1 - OLLA tuned,transition,False,40,10,3.718909999999999,1.8223150599999987,6.178648659999998,9.770391760838812,4.129188882923932,19.835951672594206,-0.020325,-0.02615,-0.013624999999999998
alt,oracle 0.1 - OLLA tuned,nlos,False,32,8,2.9512719999999995,1.4948012125,4.6291730625,9.554739198680549,4.315302533237351,18.08613228834,-0.017249999999999998,-0.02653125,-0.0079375
alt,PPO-TDL seed 0 - OLLA tuned,all,False,92,23,-0.6992707826086956,-1.9992526695652166,0.6968875565217396,-1.913174699096609,-4.934467122466658,2.1522238497390553,-0.003836956521739127,-0.023533152173913042,0.02014211956521738
alt,PPO-TDL seed 0 - OLLA tuned,los,False,20,5,-2.7649415999999993,-4.642835199999999,-1.1282863999999986,-6.492863466714327,-9.304134445766742,-3.1469565130272867,-0.026400000000000007,-0.04905,-0.002150000000000001
alt,PPO-TDL seed 0 - OLLA tuned,transition,False,40,10,-0.6672956000000002,-2.911570319999999,1.9440017699999996,-1.753131813430278,-6.565240983864268,6.174682668054336,0.009375000000000007,-0.028000000000000004,0.057925624999999994
alt,PPO-TDL seed 0 - OLLA tuned,nlos,False,32,8,0.5518045000000003,-0.890996024999999,2.1980310000000003,1.7864663393134634,-2.522993633633302,8.760836853972528,-0.006249999999999999,-0.028781249999999998,0.0163125
alt,PPO-TDL seed 1 - OLLA tuned,all,False,92,23,-0.7439445217391306,-2.0271611347826086,0.639173534782608,-2.0354001224147997,-5.00893600477075,1.9867966550370544,0.009499999999999998,-0.014674456521739125,0.03816440217391302
alt,PPO-TDL seed 1 - OLLA tuned,los,False,20,5,-2.7108048,-4.5939408,-1.1087575999999988,-6.365734976577388,-9.033159288170888,-3.0924878210784974,-0.01775,-0.048299999999999996,0.01345
alt,PPO-TDL seed 1 - OLLA tuned,transition,False,40,10,-0.6764067999999999,-2.9066423699999997,1.9138988000000006,-1.7770689330194456,-6.612008057820421,6.189082766921538,0.022649999999999997,-0.021800624999999997,0.07982812499999996
alt,PPO-TDL seed 1 - OLLA tuned,nlos,False,32,8,0.40092099999999925,-1.055360787500001,2.0590036999999985,1.2979812075180457,-3.009890556643631,8.26776885736149,0.010093750000000002,-0.021843749999999995,0.043437500000000004
alt,PPO-TDL seed 2 - OLLA tuned,all,False,92,23,-0.8518039999999999,-2.123849756521738,0.5182095391304342,-2.330499002560532,-5.280184168163821,1.6013100543056555,0.007739130434782607,-0.016370652173913036,0.03654402173913043
alt,PPO-TDL seed 2 - OLLA tuned,los,False,20,5,-2.8319832000000003,-4.699929599999999,-1.2162096000000002,-6.6502960704952105,-9.53133776204297,-3.4219226681878094,-0.019100000000000006,-0.0489,0.011200000000000002
alt,PPO-TDL seed 2 - OLLA tuned,transition,False,40,10,-0.7401856,-2.925496,1.8274462099999986,-1.9446298210313058,-6.675313412295501,5.943606444049783,0.021125,-0.023225624999999996,0.07867687499999995
alt,PPO-TDL seed 2 - OLLA tuned,nlos,False,32,8,0.2462850000000002,-1.28365,1.9322285000000003,0.7973473619331058,-3.547592772622066,7.834327599224908,0.007781250000000002,-0.024096093749999978,0.0413125
alt,PPO-Munich seed 0 - OLLA tuned,all,False,92,23,0.9355248695652173,-0.2139595434782611,2.229912865217391,2.559555690501936,-0.5245317895727643,6.927132645712287,-0.016608695652173912,-0.025576086956521738,-0.0071739130434782614
alt,PPO-Munich seed 0 - OLLA tuned,los,False,20,5,-0.7326104000000004,-2.271404799999999,0.6397392,-1.7203760475429115,-4.574954578812597,1.7768689570915797,-0.028749999999999998,-0.044,-0.013099999999999997
alt,PPO-Munich seed 0 - OLLA tuned,transition,False,40,10,1.2468035999999998,-0.7858746300000006,3.67739994,3.2756263584825045,-1.769289019139417,11.974790188818782,-0.017975,-0.027925000000000005,-0.00802375000000002
alt,PPO-Munich seed 0 - OLLA tuned,nlos,False,32,8,1.5890110000000002,0.1243150000000004,3.503754,5.144421011968595,0.3313969943181293,13.53558266030785,-0.007312499999999997,-0.025249999999999995,0.01240625
alt,PPO-Munich seed 1 - OLLA tuned,all,False,92,23,1.156336347826087,0.05924158260869549,2.410686308695653,3.1636863706124703,0.13874853714908864,7.524360141579325,-0.01343478260869565,-0.022848097826086954,-0.003629619565217402
alt,PPO-Munich seed 1 - OLLA tuned,los,False,20,5,-0.05253680000000038,-0.5415191999999999,0.8219600000000007,-0.12337123842980258,-1.2106137844909044,2.299090321871795,-0.027449999999999995,-0.04375,-0.010499999999999994
alt,PPO-Munich seed 1 - OLLA tuned,transition,False,40,10,1.3811228000000002,-0.6985264899999991,3.8604455499999992,3.628512339859431,-1.5537120356806169,12.594715005522183,-0.013849999999999998,-0.024825000000000003,-0.0034000000000000002
alt,PPO-Munich seed 1 - OLLA tuned,nlos,False,32,8,1.6308990000000003,0.09239021250000023,3.5470895374999984,5.28003335659638,0.2863054654588367,13.79546686577911,-0.0041562499999999985,-0.022343750000000002,0.0164375
alt,PPO-Munich seed 2 - OLLA tuned,all,False,92,23,0.707832695652174,-0.4512815999999999,2.0100766608695655,1.9365997238767654,-1.1161998544458227,6.229469975647188,-0.016793478260869566,-0.025641304347826088,-0.0073913043478260896
alt,PPO-Munich seed 2 - OLLA tuned,los,False,20,5,-0.6208823999999992,-1.3424703999999994,0.32805680000000104,-1.4580071608333092,-2.901904404168989,0.8636108139891707,-0.03005,-0.04415,-0.01595
alt,PPO-Munich seed 2 - OLLA tuned,transition,False,40,10,0.8710095999999995,-1.3260997500000002,3.437561809999998,2.2883331458549696,-2.973021761177021,11.197668747011349,-0.0171,-0.02805,-0.00624937500000001
alt,PPO-Munich seed 2 - OLLA tuned,nlos,False,32,8,1.3343085000000003,-0.14655632499999938,3.256471149999999,4.319822004912678,-0.42174388126558576,12.603627951313786,-0.008124999999999999,-0.025251562499999984,0.01121875
alt,PPO-TDL - OLLA tuned,all,True,92,23,-0.7650064347826089,-2.0519960753623185,0.6196057536231881,-2.0930246080239807,-5.066047975704863,1.9224030018371856,0.004467391304347828,-0.01816811594202897,0.03155126811594203
alt,PPO-TDL - OLLA tuned,los,False,20,5,-2.769243200000001,-4.662305066666666,-1.1510845333333322,-6.502964837928977,-9.215173588016553,-3.210543855902463,-0.021083333333333332,-0.04875,0.006583333333333335
alt,PPO-TDL - OLLA tuned,transition,False,40,10,-0.6946293333333335,-2.9120185333333337,1.9033025299999973,-1.824943522493677,-6.6018476720711865,6.10251659751181,0.01771666666666667,-0.024400416666666664,0.07225166666666664
alt,PPO-TDL - OLLA tuned,nlos,False,32,8,0.39967016666666644,-1.0758686708333334,2.059384712499998,1.2939316362548714,-3.056418176380971,8.283357397059083,0.0038750000000000043,-0.025031510416666663,0.03379166666666667
alt,PPO-Munich - OLLA tuned,all,True,92,23,0.9332313043478259,-0.19801615797101482,2.2079410072463763,2.5532805949970565,-0.48637833756074883,6.857334849958343,-0.015612318840579708,-0.02469592391304348,-0.006094112318840578
alt,PPO-Munich - OLLA tuned,los,False,20,5,-0.46867653333333364,-1.2965770666666658,0.5732525333333336,-1.1005848156020086,-2.6349313175226112,1.5969308417137513,-0.028750000000000005,-0.04396666666666667,-0.013533333333333331
alt,PPO-Munich - OLLA tuned,transition,False,40,10,1.1663119999999993,-0.9411365266666673,3.6526411099999985,3.064157281398967,-2.091005248754275,11.896988777329284,-0.016308333333333334,-0.026791874999999996,-0.00591604166666668
alt,PPO-Munich - OLLA tuned,nlos,False,32,8,1.5180728333333335,0.03128359166666692,3.452770637499999,4.914758791159218,0.08506976094520818,13.29924369879334,-0.006531249999999997,-0.024271093749999997,0.013251041666666656
alt,PPO-Munich - PPO-TDL,all,True,92,23,1.6982377391304346,1.3442495753623194,2.0831125144927536,4.745632458177054,3.764004194278489,5.829965161892679,-0.020079710144927543,-0.043550724637681164,-0.0018076992753623198
alt,PPO-Munich - PPO-TDL,los,False,20,5,2.3005666666666675,1.6559986666666657,3.3589765333333346,5.778129769529371,4.251479722692619,7.615438478745621,-0.007666666666666667,-0.02205,0.006233333333333333
alt,PPO-Munich - PPO-TDL,transition,False,40,10,1.860941333333333,1.4127113666666653,2.3194595966666656,4.979982675143991,3.6643191533966917,6.763289155341197,-0.03402500000000001,-0.08158354166666668,0.0005839583333333344
alt,PPO-Munich - PPO-TDL,nlos,False,32,8,1.1184026666666669,0.6415749999999998,1.5597275000000017,3.5745746032513455,1.9121027697756914,5.36015173086939,-0.010406250000000002,-0.036375000000000005,0.014667187499999994
