realization,route,category,policy,trajectories,goodput_mbps,diff_vs_olla_tuned,diff_ci_low,diff_ci_high,observed_tbler
main,long-diagonal,nlos,fixed MCS 14,7,20.79815142857143,-9.823449714285713,-12.708751428571427,-6.641525714285714,0.3555357142857143
main,long-diagonal,nlos,ILLA 0.1,7,23.935484571428567,-6.686116571428571,-13.424068000000002,-0.941908571428571,0.39253571428571427
main,long-diagonal,nlos,OLLA default,7,30.728025714285714,0.1064245714285719,-1.7030308571428558,2.384936857142857,0.19135714285714286
main,long-diagonal,nlos,OLLA tuned,7,30.62160114285714,,,,0.14764285714285716
main,long-diagonal,nlos,oracle 0.1,7,33.61173714285714,2.9901359999999997,1.2537942857142852,5.095263428571429,0.13028571428571428
main,long-diagonal,nlos,PPO-TDL seed 0,7,31.143300000000004,0.5216988571428572,-1.2721537142857144,2.6361933142857144,0.13899999999999998
main,long-diagonal,nlos,PPO-TDL seed 1,7,31.02930914285714,0.4077080000000001,-1.4144999999999999,2.5226,0.15964285714285717
main,long-diagonal,nlos,PPO-TDL seed 2,7,30.83408171428572,0.2124805714285716,-1.588623428571429,2.3250297142857153,0.15653571428571428
main,long-diagonal,nlos,PPO-Munich seed 0,7,32.474904571428574,1.8533034285714287,0.027850857142857066,4.076033714285713,0.13392857142857145
main,long-diagonal,nlos,PPO-Munich seed 1,7,32.592318285714285,1.9707171428571428,0.1701072571428568,4.141020571428572,0.13678571428571426
main,long-diagonal,nlos,PPO-Munich seed 2,7,32.44610685714286,1.8245057142857142,0.06950000000000019,4.004705142857143,0.13385714285714287
main,long-diagonal,nlos,PPO-TDL,7,31.002230285714283,0.3806291428571433,-1.4018986666666666,2.4827390476190487,0.15172619047619046
main,long-diagonal,nlos,PPO-Munich,7,32.50444323809524,1.8828420952380946,0.09217714285714251,4.088218666666665,0.13485714285714284
main,south-curve,nlos,fixed MCS 14,1,7.656532,-6.181991999999999,nan,nan,0.76275
main,south-curve,nlos,ILLA 0.1,1,14.120579999999999,0.282055999999999,nan,nan,0.5955
main,south-curve,nlos,OLLA default,1,14.473488,0.6349639999999992,nan,nan,0.5875
main,south-curve,nlos,OLLA tuned,1,13.838524,,,,0.5635
main,south-curve,nlos,oracle 0.1,1,15.238164000000001,1.3996400000000002,nan,nan,0.5625
main,south-curve,nlos,PPO-TDL seed 0,1,13.6062,-0.2323240000000002,nan,nan,0.5965
main,south-curve,nlos,PPO-TDL seed 1,1,13.503332,-0.3351919999999997,nan,nan,0.618
main,south-curve,nlos,PPO-TDL seed 2,1,13.389004,-0.4495200000000008,nan,nan,0.61725
main,south-curve,nlos,PPO-Munich seed 0,1,14.547308,0.7087839999999992,nan,nan,0.55875
main,south-curve,nlos,PPO-Munich seed 1,1,14.74114,0.9026159999999996,nan,nan,0.5605
main,south-curve,nlos,PPO-Munich seed 2,1,14.296636,0.45811199999999896,nan,nan,0.5585
main,south-curve,nlos,PPO-TDL,1,13.499512,-0.33901199999999987,nan,nan,0.6105833333333334
main,south-curve,nlos,PPO-Munich,1,14.528361333333333,0.6898373333333332,nan,nan,0.55925
main,south-street,los,fixed MCS 14,5,25.0366176,-17.305904000000005,-21.969534400000004,-12.6422736,0.2242
main,south-street,los,ILLA 0.1,5,35.2410024,-7.101519200000001,-10.6686376,-4.2103304,0.2612
main,south-street,los,OLLA default,5,40.663276800000006,-1.6792447999999998,-2.4824751999999988,-0.5254703999999998,0.10969999999999999
main,south-street,los,OLLA tuned,5,42.342521600000005,,,,0.06155000000000001
main,south-street,los,oracle 0.1,5,44.343302400000006,2.0007808000000002,1.1655159999999998,2.962767200000001,0.0345
main,south-street,los,PPO-TDL seed 0,5,39.9224464,-2.4200752,-4.324463199999999,-0.7481928000000004,0.033650000000000006
main,south-street,los,PPO-TDL seed 1,5,39.947596000000004,-2.3949255999999997,-4.278337599999999,-0.7608376,0.04340000000000001
main,south-street,los,PPO-TDL seed 2,5,39.80499760000001,-2.537524,-4.4432095999999985,-0.9050880000000003,0.04195
main,south-street,los,PPO-Munich seed 0,5,41.877084800000006,-0.4654367999999997,-2.116881599999998,0.982452799999999,0.0347
main,south-street,los,PPO-Munich seed 1,5,42.5628616,0.2203399999999988,-0.37961200000000056,1.2391047999999985,0.0378
main,south-street,los,PPO-Munich seed 2,5,41.431082399999994,-0.9114392000000004,-2.384433600000002,0.47553999999999935,0.034350000000000006
main,south-street,los,PPO-TDL,5,39.891679999999994,-2.4508416,-4.332887733333333,-0.7922285333333341,0.03966666666666667
main,south-street,los,PPO-Munich,5,41.9570096,-0.3855119999999994,-1.5946037333333334,0.897694400000001,0.03561666666666667
main,west-street,transition,fixed MCS 14,10,22.278975199999998,-16.1240124,-22.260620930000005,-10.08491136,0.30965
main,west-street,transition,ILLA 0.1,10,34.6876656,-3.7153219999999996,-8.730240790000002,1.3525518299999952,0.270575
main,west-street,transition,OLLA default,10,38.4129856,0.009998000000000173,-1.6764801999999992,2.2104215,0.1482
main,west-street,transition,OLLA tuned,10,38.402987599999996,,,,0.10575000000000001
main,west-street,transition,oracle 0.1,10,41.951324,3.548336400000001,1.6428576000000006,6.17166606,0.087575
main,west-street,transition,PPO-TDL seed 0,10,37.7767888,-0.6261988,-2.8654706300000004,1.9240881499999958,0.09307499999999999
main,west-street,transition,PPO-TDL seed 1,10,37.821803599999996,-0.5811839999999999,-2.790218939999999,1.956319499999997,0.1061
main,west-street,transition,PPO-TDL seed 2,10,37.672613999999996,-0.7303736,-2.881963019999999,1.7791150000000004,0.1051
main,west-street,transition,PPO-Munich seed 0,10,39.5147024,1.1117147999999997,-0.9560188000000011,3.6449021299999984,0.08970000000000002
main,west-street,transition,PPO-Munich seed 1,10,39.70827799999999,1.3052903999999999,-0.8081034600000006,3.8847331699999983,0.09445
main,west-street,transition,PPO-Munich seed 2,10,39.039968800000004,0.6369811999999995,-1.5471360000000003,3.241531089999999,0.090025
main,west-street,transition,PPO-TDL,10,37.7570688,-0.6459188000000002,-2.847131676666666,1.8833192466666648,0.10142500000000002
main,west-street,transition,PPO-Munich,10,39.420983066666665,1.0179954666666664,-1.0881285066666657,3.594217693333332,0.09139166666666668
alt,long-diagonal,nlos,fixed MCS 14,7,23.29923142857143,-9.94627885714286,-13.160912571428572,-6.7162131428571445,0.27803571428571433
alt,long-diagonal,nlos,ILLA 0.1,7,24.625850285714286,-8.619660000000001,-14.596472571428569,-2.949145714285715,0.41500000000000004
alt,long-diagonal,nlos,OLLA default,7,33.4037,0.15818971428571427,-1.4524991428571419,2.0371508571428563,0.17964285714285716
alt,long-diagonal,nlos,OLLA tuned,7,33.24551028571428,,,,0.13582142857142857
alt,long-diagonal,nlos,oracle 0.1,7,36.406249714285714,3.1607394285714285,1.5143811428571428,5.035397214285714,0.11635714285714285
alt,long-diagonal,nlos,PPO-TDL seed 0,7,33.89711485714286,0.6516045714285716,-0.993415885714284,2.5269428571428576,0.12349999999999998
alt,long-diagonal,nlos,PPO-TDL seed 1,7,33.74505942857143,0.49954914285714214,-1.1648891428571435,2.394621142857143,0.13932142857142857
alt,long-diagonal,nlos,PPO-TDL seed 2,7,33.581328,0.33581771428571433,-1.407657142857143,2.247079428571429,0.13667857142857145
alt,long-diagonal,nlos,PPO-Munich seed 0,7,34.94808171428571,1.7025714285714286,0.013422757142857327,3.497778771428552,0.1282142857142857
alt,long-diagonal,nlos,PPO-Munich seed 1,7,34.976992571428575,1.7314822857142858,-0.011922628571426818,3.652326171428557,0.13139285714285714
alt,long-diagonal,nlos,PPO-Munich seed 2,7,34.687980571428575,1.4424702857142857,-0.2499217142857139,3.259109557142857,0.12710714285714284
alt,long-diagonal,nlos,PPO-TDL,7,33.74116742857143,0.4956571428571427,-1.1906361904761908,2.391355428571429,0.13316666666666668
alt,long-diagonal,nlos,PPO-Munich,7,34.871018285714285,1.6255080000000004,-0.07584114285714298,3.4362706333333075,0.1289047619047619
alt,south-curve,nlos,fixed MCS 14,1,7.713008,-6.672767999999999,nan,nan,0.761
alt,south-curve,nlos,ILLA 0.1,1,14.077463999999999,-0.3083119999999999,nan,nan,0.60675
alt,south-curve,nlos,OLLA default,1,15.048324,0.6625480000000001,nan,nan,0.5855
alt,south-curve,nlos,OLLA tuned,1,14.385776,,,,0.56125
alt,south-curve,nlos,oracle 0.1,1,15.870776,1.4850000000000003,nan,nan,0.5595
alt,south-curve,nlos,PPO-TDL seed 0,1,14.238980000000002,-0.1467959999999987,nan,nan,0.5975
alt,south-curve,nlos,PPO-TDL seed 1,1,14.0963,-0.28947599999999996,nan,nan,0.6175
alt,south-curve,nlos,PPO-TDL seed 2,1,14.005332,-0.3804439999999992,nan,nan,0.6175
alt,south-curve,nlos,PPO-Munich seed 0,1,15.179864,0.7940880000000003,nan,nan,0.5559999999999999
alt,south-curve,nlos,PPO-Munich seed 1,1,15.312592,0.9268160000000005,nan,nan,0.5589999999999999
alt,south-curve,nlos,PPO-Munich seed 2,1,14.962952,0.5771760000000006,nan,nan,0.55725
alt,south-curve,nlos,PPO-TDL,1,14.113537333333332,-0.2722386666666673,nan,nan,0.6108333333333333
alt,south-curve,nlos,PPO-Munich,1,15.151802666666665,0.766026666666666,nan,nan,0.5574166666666666
alt,south-street,los,fixed MCS 14,5,25.3835416,-17.200775999999998,-22.085681599999997,-12.463398399999999,0.21345
alt,south-street,los,ILLA 0.1,5,35.910653599999996,-6.6736640000000005,-10.050016000000003,-3.297311999999999,0.24274999999999997
alt,south-street,los,OLLA default,5,40.8721432,-1.7121743999999999,-2.4761871999999987,-0.6671472,0.11095000000000002
alt,south-street,los,OLLA tuned,5,42.5843176,,,,0.06294999999999999
alt,south-street,los,oracle 0.1,5,44.4330584,1.8487408000000003,1.0724751999999989,2.7557040000000006,0.03695
alt,south-street,los,PPO-TDL seed 0,5,39.819376,-2.7649415999999993,-4.642835199999999,-1.1282863999999986,0.036550000000000006
alt,south-street,los,PPO-TDL seed 1,5,39.8735128,-2.7108048,-4.5939408,-1.1087575999999988,0.045200000000000004
alt,south-street,los,PPO-TDL seed 2,5,39.752334399999995,-2.8319832000000003,-4.699929599999999,-1.2162096000000002,0.04385000000000001
alt,south-street,los,PPO-Munich seed 0,5,41.8517072,-0.7326104000000004,-2.271404799999999,0.6397392,0.0342
alt,south-street,los,PPO-Munich seed 1,5,42.5317808,-0.05253680000000038,-0.5415191999999999,0.8219600000000007,0.035500000000000004
alt,south-street,los,PPO-Munich seed 2,5,41.963435200000006,-0.6208823999999992,-1.3424703999999994,0.32805680000000104,0.0329
alt,south-street,los,PPO-TDL,5,39.8150744,-2.769243200000001,-4.662305066666666,-1.1510845333333322,0.04186666666666667
alt,south-street,los,PPO-Munich,5,42.11564106666667,-0.46867653333333364,-1.2965770666666658,0.5732525333333336,0.0342
alt,west-street,transition,fixed MCS 14,10,22.285429599999997,-15.777629600000001,-21.816214169999995,-10.018795700000002,0.30945
alt,west-street,transition,ILLA 0.1,10,34.5517612,-3.511298,-8.846952,1.650221339999995,0.264525
alt,west-street,transition,OLLA default,10,38.0104056,-0.05265359999999988,-1.714187389999999,2.0578246799999995,0.15275
alt,west-street,transition,OLLA tuned,10,38.0630592,,,,0.11122499999999999
alt,west-street,transition,oracle 0.1,10,41.781969200000006,3.718909999999999,1.8223150599999987,6.178648659999998,0.09090000000000001
alt,west-street,transition,PPO-TDL seed 0,10,37.3957636,-0.6672956000000002,-2.911570319999999,1.9440017699999996,0.1206
alt,west-street,transition,PPO-TDL seed 1,10,37.386652399999996,-0.6764067999999999,-2.9066423699999997,1.9138988000000006,0.13387500000000002
alt,west-street,transition,PPO-TDL seed 2,10,37.322873599999994,-0.7401856,-2.925496,1.8274462099999986,0.13235
alt,west-street,transition,PPO-Munich seed 0,10,39.3098628,1.2468035999999998,-0.7858746300000006,3.67739994,0.09325
alt,west-street,transition,PPO-Munich seed 1,10,39.444182,1.3811228000000002,-0.6985264899999991,3.8604455499999992,0.09737499999999999
alt,west-street,transition,PPO-Munich seed 2,10,38.9340688,0.8710095999999995,-1.3260997500000002,3.437561809999998,0.09412499999999999
alt,west-street,transition,PPO-TDL,10,37.368429866666666,-0.6946293333333335,-2.9120185333333337,1.9033025299999973,0.12894166666666668
alt,west-street,transition,PPO-Munich,10,39.2293712,1.1663119999999993,-0.9411365266666673,3.6526411099999985,0.09491666666666668
