policy,goodput_mbps,observed_tbler,mean_mcs,diff_mean,diff_ci_low,diff_ci_high,diff_pct,diff_pct_ci_low,diff_pct_ci_high
PPO-TDL seed 0,35.85873536,0.05955999999999999,15.591879999999998,4.97317664,4.698596304,5.23423392,16.10194811460416,14.990220678495708,17.284312551102374
PPO-TDL seed 1,35.809330239999994,0.07618,15.73188,4.92377152,4.626397376000001,5.209062976000001,15.941986235824842,14.875686065795755,17.075196200756142
PPO-TDL seed 2,35.78039328,0.06604,15.592319999999999,4.8948345600000005,4.607941792000001,5.172354584,15.848295329138214,14.759977322119147,17.01795985982347
PPO-Munich seed 0,28.374641280000002,0.24311999999999998,15.68164,-2.5109174400000005,-2.838327376,-2.1977602400000005,-8.129745887918975,-8.492614026321103,-7.749553211787275
PPO-Munich seed 1,28.29364672,0.25166,15.814639999999999,-2.5919119999999998,-2.9235446800000005,-2.267952272,-8.391986764745177,-8.717797142685177,-8.033597684674097
PPO-Munich seed 2,28.310167360000005,0.24611999999999998,15.71132,-2.57539136,-2.8487643199999995,-2.304846648,-8.338496911607756,-8.693888965703508,-7.9745243600459705
OLLA tuned (M3),30.885558720000002,0.10960000000000003,14.65578,,,,,,
PPO-TDL,35.816152960000004,0.06725999999999999,15.63869333333333,4.93059424,4.647035925333332,5.204342096,15.964076559855737,14.882090723835812,17.117114441100163
PPO-Munich,28.32615178666667,0.24696666666666667,15.735866666666666,-2.5594069333333334,-2.867055709333333,-2.2597442640000005,-8.286743188090636,-8.581305133420154,-7.968008720503588
