comparison,category,main_mean,main_ci_low,main_ci_high,alt_mean,alt_ci_low,alt_ci_high,verdict
PPO-TDL - OLLA tuned,all,-0.7125219130434782,-1.9856349594202896,0.6875375043478257,-0.7650064347826089,-2.0519960753623185,0.6196057536231881,inconclusive
PPO-TDL - OLLA tuned,los,-2.4508416,-4.332887733333333,-0.7922285333333341,-2.769243200000001,-4.662305066666666,-1.1510845333333322,holds
PPO-TDL - OLLA tuned,transition,-0.6459188000000002,-2.847131676666666,1.8833192466666648,-0.6946293333333335,-2.9120185333333337,1.9033025299999973,inconclusive
PPO-TDL - OLLA tuned,nlos,0.2906740000000003,-1.3055510916666662,2.149466833333334,0.39967016666666644,-1.0758686708333334,2.059384712499998,inconclusive
PPO-Munich - OLLA tuned,all,0.9618315942028985,-0.2233912434782609,2.3222896101449266,0.9332313043478259,-0.19801615797101482,2.2079410072463763,inconclusive
PPO-Munich - OLLA tuned,los,-0.3855119999999994,-1.5946037333333334,0.897694400000001,-0.46867653333333364,-1.2965770666666658,0.5732525333333336,inconclusive
PPO-Munich - OLLA tuned,transition,1.0179954666666664,-1.0881285066666657,3.594217693333332,1.1663119999999993,-0.9411365266666673,3.6526411099999985,inconclusive
PPO-Munich - OLLA tuned,nlos,1.7337164999999994,0.16486842916666658,3.6620012374999984,1.5180728333333335,0.03128359166666692,3.452770637499999,holds
PPO-Munich - PPO-TDL,all,1.6743535072463762,1.4078412797101452,1.9586708840579712,1.6982377391304346,1.3442495753623194,2.0831125144927536,holds
PPO-Munich - PPO-TDL,los,2.065329600000001,1.6371344000000019,2.7382839999999993,2.3005666666666675,1.6559986666666657,3.3589765333333346,holds
PPO-Munich - PPO-TDL,transition,1.6639142666666669,1.2703346566666667,2.0349367299999996,1.860941333333333,1.4127113666666653,2.3194595966666656,holds
PPO-Munich - PPO-TDL,nlos,1.4430424999999991,1.0358447958333328,1.883132499999999,1.1184026666666669,0.6415749999999998,1.5597275000000017,holds
