snr_db,policy,goodput_mbps_mean,goodput_mbps_std,observed_tbler_mean,observed_tbler_std,mean_mcs_mean,mean_mcs_std
5.0,olla 0.05,13.80139392,0.20769829367373105,0.05311999999999999,0.00032930904093942694,6.74198,0.11112849219609605
5.0,olla 0.1,14.463442559999999,0.14998723829555313,0.10244,0.0003627058802329443,7.573600000000002,0.08806997218121503
5.0,olla 0.2,14.059226560000003,0.10742917672020223,0.20158,0.0004848825745591528,8.55232,0.07587985825559308
5.0,oracle 0.1,19.817463999999998,0.16697664651465505,0.02862,0.00248631811676981,9.36864,0.06720157405563881
5.0,ppo gamma=0 seed=0,18.038292799999997,0.16246302814932592,0.10158,0.006307279744690083,9.04776,0.056060665552793605
5.0,ppo gamma=0 seed=1,17.836778560000003,0.19597204783423794,0.16376000000000002,0.008276768021932772,9.49372,0.05407403977675199
5.0,ppo gamma=0 seed=2,17.85558272,0.18039981863472498,0.15464,0.00828213606370831,9.382520000000001,0.04894243330462641
10.0,olla 0.05,25.733014399999995,0.3072104456446322,0.053200000000000004,0.00038873012632302084,12.25264,0.12653395855131822
10.0,olla 0.1,26.256020160000002,0.23953990312105108,0.10266,0.0005168279318217151,13.151819999999997,0.1115395475455533
10.0,olla 0.2,24.89870496,0.18198836112735486,0.20178,0.0004049691346263322,14.17528,0.10065418024106096
10.0,oracle 0.1,34.057350080000006,0.20378522956457512,0.025580000000000002,0.002047111786558483,15.082579999999998,0.0762971063962745
10.0,ppo gamma=0 seed=0,31.88211328,0.2085400152256682,0.05045999999999999,0.004443272067594631,14.450099999999997,0.058764861004590906
10.0,ppo gamma=0 seed=1,31.745172479999997,0.20987215515032426,0.0691,0.004545327270945404,14.61234,0.05685772106270545
10.0,ppo gamma=0 seed=2,31.773919359999997,0.21402455238520404,0.054000000000000006,0.004379751388175158,14.43404,0.058993242550877796
15.0,olla 0.05,40.767854080000006,0.4512629427295337,0.0536,0.00041096093353126486,17.745920000000005,0.15218515623337883
15.0,olla 0.1,40.84136896,0.31205928432058044,0.10298,0.0005028805910838964,18.56046,0.11811185094364318
15.0,olla 0.2,38.10191296000001,0.2400042316701895,0.20207999999999998,0.0004732863826479698,19.458560000000002,0.09508488838927054
15.0,oracle 0.1,50.84166272,0.2396730512813229,0.02704,0.0021680508399123037,20.288379999999997,0.07099580269283501
15.0,ppo gamma=0 seed=0,47.422474879999996,0.2772543824491575,0.05624,0.003915553033168565,19.629260000000002,0.0540442658074534
15.0,ppo gamma=0 seed=1,47.390842879999994,0.2974732726276079,0.053959999999999994,0.004084442026356436,19.59736,0.053592354346907435
15.0,ppo gamma=0 seed=2,47.41522112,0.30310202615423315,0.0462,0.004682829154356252,19.47606,0.05141171937300761
20.0,olla 0.05,56.20546208,0.4106038102862786,0.05424,0.0004299870799092567,22.210259999999998,0.10447136981542396
20.0,olla 0.1,55.502590399999995,0.36506118027881257,0.10368,0.000500666222813831,22.91052,0.10056348796213795
20.0,olla 0.2,51.678929600000004,0.2371535907411533,0.20236,0.00042998707990925884,23.7866,0.07425930544008955
20.0,oracle 0.1,67.04953536000001,0.3370636514930131,0.0253,0.0018979521127315676,24.36414,0.05811315016605289
20.0,ppo gamma=0 seed=0,61.04367136,0.4577426509587909,0.06526,0.00459182849079633,23.53492,0.04591143164349792
20.0,ppo gamma=0 seed=1,61.38716480000001,0.3840037399728975,0.055459999999999995,0.00384135392797904,23.45618,0.04223873419820602
20.0,ppo gamma=0 seed=2,61.078258240000004,0.4484873505023811,0.06056,0.004651212506194248,23.4571,0.04973103211834174
