gamma,seed,timesteps,goodput_mbps,goodput_mbps_std,observed_tbler,mean_mcs,eval_seconds
0.0,0,0.0,17.046707200000004,8.700884469700062,0.3541,15.1219,10.453525099997933
0.0,0,50000.0,31.405712,14.078986245030253,0.045099999999999994,13.6487,10.358839600001374
0.0,0,100000.0,35.4383232,15.056206747963495,0.04710000000000001,15.0738,10.478487100001075
0.0,0,150000.0,36.743035199999994,15.172811149212256,0.0509,15.5672,10.42374380000183
0.0,0,200000.0,37.2451632,15.152316934700682,0.058800000000000005,15.8543,10.351733999999851
0.0,0,250000.0,37.4182672,15.099570179840137,0.05840000000000001,15.924299999999999,10.311223199998494
0.0,0,300000.0,37.5279248,14.884401650347842,0.06440000000000001,16.0814,10.313749099997949
0.0,0,350000.0,37.6193392,14.74709769834983,0.06120000000000001,16.1121,10.30893819999983
0.0,0,400000.0,37.7895216,14.925618579143975,0.06210000000000001,16.1341,10.362268400000175
0.0,0,450000.0,37.9467152,14.889796038454529,0.06110000000000001,16.1972,10.311648999999306
0.0,0,500000.0,37.73205599999999,14.700700552847495,0.07880000000000001,16.3573,10.26805289999902
0.0,0,550000.0,37.6920624,14.453554671943486,0.079,16.4101,10.253125300001557
0.0,0,600000.0,37.8968592,14.653369060516324,0.07809999999999999,16.4443,10.24492680000185
0.0,0,650000.0,37.970540799999995,14.655255556417409,0.077,16.4487,10.356883299999026
0.0,0,700000.0,38.12299839999999,14.839764269318291,0.0684,16.369899999999998,10.306093499999406
0.0,0,750000.0,38.20400959999999,14.990827088262945,0.06899999999999999,16.3809,10.41501689999859
0.0,0,800000.0,38.161096,14.955756550754392,0.07170000000000001,16.3977,10.262345999999525
0.0,0,850000.0,38.175024,14.879692363246642,0.06600000000000002,16.3464,10.30475750000187
0.0,0,900000.0,38.1606064,14.90887726610576,0.06589999999999999,16.3414,10.353838099999848
0.0,0,950000.0,38.1399488,14.912115243640141,0.06920000000000001,16.347,10.357733700002427
0.0,0,1000000.0,38.2367488,14.804097301314846,0.0649,16.378700000000002,10.20659710000109
0.0,0,1015808.0,38.2202224,14.796837747359483,0.0617,16.3314,10.26399659999879
0.0,1,0.0,12.676103999999999,4.757390779194271,0.3875,12.9395,10.352880800001003
0.0,1,50000.0,31.010456000000005,13.209851678981074,0.0375,13.335999999999999,10.298585499996989
0.0,1,100000.0,34.8485248,13.766154437243285,0.0415,14.993799999999998,10.356123099998513
0.0,1,150000.0,36.197836800000005,14.58310350931059,0.039900000000000005,15.3386,10.257997600001545
0.0,1,200000.0,37.1227952,14.955393087346271,0.0529,15.7703,10.30261099999916
0.0,1,250000.0,37.487054400000005,15.159744870304817,0.06200000000000001,16.0122,10.290749899999355
0.0,1,300000.0,37.5862016,15.042984488205875,0.0825,16.303999999999995,10.359875599999214
0.0,1,350000.0,37.666532800000006,14.940341702834308,0.0774,16.2893,10.273296099996514
0.0,1,400000.0,37.824017600000005,14.994456236427197,0.07650000000000001,16.3127,10.281054099999892
0.0,1,450000.0,37.854580799999994,14.94944708885353,0.07339999999999999,16.2916,10.362201600000844
0.0,1,500000.0,37.870031999999995,14.805868426545528,0.0758,16.3431,10.240202500001033
0.0,1,550000.0,37.9019744,14.746663758036508,0.0718,16.328,10.37842929999897
0.0,1,600000.0,37.92508479999999,14.777146779978068,0.07609999999999999,16.3904,10.305919700000231
0.0,1,650000.0,38.049831999999995,14.906981699144092,0.07350000000000001,16.3896,10.37291340000229
0.0,1,700000.0,38.0105312,14.86821772181972,0.07759999999999999,16.4159,10.297393500000908
0.0,1,750000.0,37.9690608,14.706130839434135,0.07849999999999999,16.4342,10.335957200000848
0.0,1,800000.0,37.73317279999999,14.51116656476694,0.08629999999999999,16.4934,10.297248499999114
0.0,1,850000.0,37.5897328,14.43499267977342,0.097,16.5966,10.379096000000573
0.0,1,900000.0,38.002825599999994,14.881693184296195,0.0833,16.5063,10.325669100002415
0.0,1,950000.0,38.102257599999994,14.851358359847023,0.0771,16.465600000000002,10.35773110000082
0.0,1,1000000.0,38.1922528,14.935599550402141,0.0661,16.3437,10.284815099999832
0.0,1,1015808.0,38.194953600000005,14.92793288496181,0.0762,16.4464,10.288559199998417
0.0,2,0.0,13.6651488,8.362513844354655,0.3903,15.163599999999999,10.272045300000173
0.0,2,50000.0,28.6162736,10.615550106141662,0.12679999999999997,14.537299999999998,10.264426899997488
0.0,2,100000.0,33.970591999999996,12.971554695508717,0.060399999999999995,15.119499999999999,10.343359200000123
0.0,2,150000.0,35.844590399999994,14.286884164119163,0.0623,15.596599999999999,10.239116400000057
0.0,2,200000.0,36.8307296,14.73438803597772,0.053500000000000006,15.693700000000002,10.348603399997955
0.0,2,250000.0,37.3960272,15.05600696589859,0.056100000000000004,15.907799999999998,10.283838000003016
0.0,2,300000.0,37.533633599999995,14.962197280428828,0.057300000000000004,15.974800000000002,10.286112400001002
0.0,2,350000.0,37.4358768,15.099727674159343,0.07770000000000002,16.1376,10.315446099997644
0.0,2,400000.0,37.731523200000005,14.966596351724215,0.07859999999999999,16.306,10.332662100001471
0.0,2,450000.0,37.8315712,15.029080421508258,0.0793,16.3355,10.348837999998068
0.0,2,500000.0,37.82508800000001,14.872591831523291,0.0776,16.3468,10.330716500000563
0.0,2,550000.0,37.773532800000005,14.75032483898711,0.08249999999999999,16.4037,10.358428499999718
0.0,2,600000.0,37.852326399999995,14.837097765413374,0.08549999999999999,16.4593,10.234374299998308
0.0,2,650000.0,37.9494928,14.785306065366361,0.077,16.398699999999998,10.301905799999076
0.0,2,700000.0,38.0817152,14.908749547363154,0.0749,16.4038,10.290679199999431
0.0,2,750000.0,38.0594416,14.853248652203277,0.07390000000000001,16.3825,10.423606599997584
0.0,2,800000.0,38.1420848,14.947103683136095,0.0688,16.339199999999998,10.337599399997998
0.0,2,850000.0,38.1514752,14.914480193208304,0.0689,16.346700000000002,10.346997299999202
0.0,2,900000.0,38.0770352,14.79648155317278,0.072,16.3762,10.317513199999667
0.0,2,950000.0,37.9521376,14.511840131208503,0.0749,16.397100000000002,10.283292800002528
0.0,2,1000000.0,38.1547792,14.82326409220159,0.0627,16.279400000000003,10.30146109999987
0.0,2,1015808.0,38.1241024,14.865776427891364,0.0689,16.3303,10.314786900002218
0.9,0,0.0,17.046707200000004,8.700884469700062,0.3541,15.1219,10.42634210000324
0.9,0,50000.0,30.525782399999997,13.903857190097838,0.1557,14.7102,10.29602739999973
0.9,0,100000.0,32.1399232,15.032989972889453,0.14889999999999998,15.116400000000002,10.352306799999496
0.9,0,150000.0,33.2613936,15.189940980468146,0.13729999999999998,15.316299999999998,10.39460980000149
0.9,0,200000.0,34.1817184,15.089933254342773,0.1236,15.5149,10.374383899998065
0.9,0,250000.0,34.609385599999996,15.31031877951671,0.1258,15.6718,10.360640299997613
0.9,0,300000.0,34.927104,15.285032196140408,0.11359999999999999,15.658100000000001,10.369740300000558
0.9,0,350000.0,35.3088976,15.106867792719054,0.1099,15.747799999999998,10.339121299999533
0.9,0,400000.0,35.511734399999995,14.966331058533537,0.1024,15.722600000000003,10.376630200000363
0.9,0,450000.0,35.6681344,14.889230082549998,0.08800000000000001,15.627100000000002,10.405235999998695
0.9,0,500000.0,35.7992736,14.792353029454368,0.08560000000000001,15.6602,10.303659199998947
0.9,0,550000.0,35.862732799999996,14.766300186636181,0.09340000000000001,15.751699999999996,10.372323799998412
0.9,0,600000.0,36.0421632,14.85296120480783,0.0962,15.845000000000002,10.366725200001383
0.9,0,650000.0,36.1537728,14.793880359599362,0.095,15.8691,10.39300379999986
0.9,0,700000.0,36.1609536,14.696781208289863,0.0903,15.8385,10.360722800000076
0.9,0,750000.0,35.981932799999996,14.98250213599398,0.09860000000000001,15.990799999999998,10.383635300000606
0.9,0,800000.0,36.240110400000006,14.802598042690052,0.0928,15.9142,10.325830199999473
0.9,0,850000.0,36.37288960000001,14.685025478905624,0.08919999999999999,15.895300000000002,10.374855500002013
0.9,0,900000.0,36.4849392,14.746749761295582,0.08620000000000001,15.915299999999998,10.362653399999544
0.9,0,950000.0,36.6193376,14.646034547721307,0.07830000000000001,15.892999999999997,10.424384300000384
0.9,0,1000000.0,36.691977599999994,14.740937488159815,0.0751,15.878800000000002,10.351001499999256
0.9,0,1015808.0,36.6942672,14.713463075778824,0.067,15.774899999999999,10.34213909999744
0.9,1,0.0,12.676103999999999,4.757390779194271,0.3875,12.9395,10.724483099998906
0.9,1,50000.0,29.507115199999998,12.018594628688005,0.10669999999999999,13.938300000000002,10.249475799999345
0.9,1,100000.0,31.630731199999996,13.649019329054205,0.11460000000000001,14.7838,10.35832769999979
0.9,1,150000.0,32.8829232,14.368895675126517,0.11750000000000001,15.217699999999999,10.347824399999809
0.9,1,200000.0,33.899944000000005,14.446021724460108,0.0965,15.321800000000001,10.353778200002125
0.9,1,250000.0,34.29704,14.591271297898434,0.09480000000000001,15.3827,10.299086899998656
0.9,1,300000.0,34.7088016,14.839704143985285,0.1006,15.551100000000002,10.333480299999792
0.9,1,350000.0,35.0717168,15.099067200917522,0.10210000000000001,15.657100000000003,10.290133700000297
0.9,1,400000.0,35.4551136,15.025541912999236,0.0967,15.731600000000004,10.346837299999606
0.9,1,450000.0,35.7266704,14.974881746520731,0.09809999999999999,15.8092,10.259813100001338
0.9,1,500000.0,35.90711840000001,14.945451215092982,0.0955,15.8636,10.36011569999755
0.9,1,550000.0,35.928459200000006,14.922060354051116,0.099,15.900000000000002,10.356070500001806
0.9,1,600000.0,35.8988048,14.874614414875694,0.0977,15.8726,10.285286599999381
0.9,1,650000.0,35.953616,14.758420650940549,0.09419999999999999,15.8553,10.37394100000165
0.9,1,700000.0,35.9758384,14.781608721849002,0.10200000000000001,15.952699999999998,10.301861100000679
0.9,1,750000.0,36.093224,14.70295386131523,0.09920000000000001,15.971200000000001,10.366392399999313
0.9,1,800000.0,36.16186879999999,14.776680313522572,0.0929,15.9124,10.335130899999058
0.9,1,850000.0,36.207567999999995,14.702478613090271,0.0913,15.9256,10.331585399999312
0.9,1,900000.0,36.2584672,14.697444514535327,0.09659999999999999,16.000400000000003,10.312734800001635
0.9,1,950000.0,36.4365296,14.710944899369608,0.0913,15.997000000000003,10.340501599999698
0.9,1,1000000.0,36.3425568,14.782792723773744,0.09519999999999999,16.094599999999996,10.321148800001538
0.9,1,1015808.0,36.4389936,14.721255252246056,0.0944,16.110899999999997,10.26492589999907
0.9,2,0.0,13.6651488,8.362513844354655,0.3903,15.163599999999999,10.409036900000501
0.9,2,50000.0,28.133808,13.058475950009413,0.1986,14.969199999999997,10.30398889999924
0.9,2,100000.0,31.8705056,13.522404620074173,0.1173,14.945999999999998,10.389836899998045
0.9,2,150000.0,32.865608,13.935010663327484,0.1026,15.091,10.364114700001664
0.9,2,200000.0,33.595065600000005,14.578812777285163,0.10980000000000001,15.309999999999999,10.452773799999704
0.9,2,250000.0,34.007023999999994,14.246591718723964,0.0753,14.9988,10.377691999998206
0.9,2,300000.0,34.612571200000005,14.635724027905697,0.0797,15.195500000000001,10.389877699999488
0.9,2,350000.0,35.078795199999995,14.645925551267808,0.07239999999999999,15.3126,10.366799499999615
0.9,2,400000.0,35.3851488,14.501339211057385,0.06949999999999999,15.3821,10.355061700000078
0.9,2,450000.0,35.6309936,14.537702070843668,0.0757,15.536499999999998,10.475597700002254
0.9,2,500000.0,35.042936,15.31442483740346,0.1101,16.208199999999998,10.363011900000856
0.9,2,550000.0,35.7686352,14.74178236159158,0.0814,15.631099999999998,10.35253190000003
0.9,2,600000.0,35.78111199999999,14.75739715815568,0.0764,15.5833,10.406554599998344
0.9,2,650000.0,35.8125136,14.806906529119228,0.06660000000000002,15.500499999999999,10.352952500001265
0.9,2,700000.0,35.958104,14.741433196312494,0.0706,15.5876,10.340864800000418
0.9,2,750000.0,36.162091200000006,14.612128783819472,0.07050000000000001,15.6748,10.364781300002505
0.9,2,800000.0,36.2477248,14.602486426800583,0.0822,15.839100000000002,10.286695099999633
0.9,2,850000.0,36.166851199999996,14.680254133103803,0.09390000000000001,15.919999999999998,10.419011699999828
0.9,2,900000.0,36.409014400000004,14.589792046102882,0.08120000000000001,15.876399999999999,10.358019200000854
0.9,2,950000.0,36.445025599999994,14.526828556615463,0.07339999999999999,15.8084,10.41447170000174
0.9,2,1000000.0,36.4577632,14.504187910932858,0.0758,15.854500000000002,10.360084500000085
0.9,2,1015808.0,36.5165312,14.568704939206619,0.07510000000000001,15.8539,10.343199200000527
