bler_target,delta_up_db,goodput_mbps_mean,goodput_mbps_std,observed_tbler_mean,mean_mcs_mean,selected
0.05,0.1,32.866023999999996,14.132110596501038,0.08249999999999999,14.927600000000002,False
0.05,0.25,33.112438399999995,14.650250483674355,0.0631,14.694300000000002,False
0.05,0.5,32.955632,14.64696863703279,0.0568,14.547900000000002,False
0.05,1.0,32.70368320000001,14.621651787919788,0.0533,14.412900000000002,False
0.1,0.1,33.0488544,13.688401203142552,0.1252,15.6351,False
0.1,0.25,33.220528,14.166211217443538,0.1102,15.435500000000001,True
0.1,0.5,33.1404192,14.199894374313235,0.10500000000000001,15.3345,False
0.1,1.0,32.8305776,14.171902617094112,0.1026,15.206700000000001,False
0.2,0.1,31.4385328,12.694048186221558,0.2169,16.500300000000003,False
0.2,0.25,31.550016,12.908765003125591,0.2069,16.3787,False
0.2,0.5,31.250388800000003,12.911191146723224,0.20350000000000001,16.262099999999997,False
0.2,1.0,30.7359264,12.879617308185685,0.2017,16.130599999999998,False
