policy,vs,vs_selected_on_validation,episodes,goodput_diff_mean,goodput_diff_ci_low,goodput_diff_ci_high,goodput_diff_pct,goodput_diff_pct_ci_low,goodput_diff_pct_ci_high,tbler_diff_mean,tbler_diff_ci_low,tbler_diff_ci_high
ppo gamma=0 (mean of 3 seeds),olla 0.05,False,50,5.832489599999999,5.55587952,6.095401434666667,19.45222479979177,17.698720926490672,21.390595940102237,0.014119999999999999,0.008353166666666668,0.021033333333333334
ppo gamma=0 (mean of 3 seeds),olla 0.1,True,50,5.46848032,5.1785913253333336,5.750306709333333,18.019438870551888,16.769336845711994,19.38926809829769,-0.03528,-0.041026833333333325,-0.028333333333333325
ppo gamma=0 (mean of 3 seeds),olla 0.2,False,50,7.276103360000002,6.744872269333333,7.794450034666665,25.494361299217935,24.4531764458555,26.562540242669296,-0.13441999999999998,-0.14016033333333336,-0.12749333333333335
ppo gamma=0.9 (mean of 3 seeds),olla 0.05,False,50,4.1749403733333335,3.8747318160000006,4.451938725333334,13.92405031769051,12.525044029411568,15.407871955253125,0.03182666666666667,0.017799833333333338,0.04801366666666667
ppo gamma=0.9 (mean of 3 seeds),olla 0.1,True,50,3.8109310933333336,3.5063388026666664,4.0976772373333334,12.557572827875786,11.586475805000674,13.534948477717961,-0.017573333333333326,-0.03160016666666666,-0.0013588333333333425
ppo gamma=0.9 (mean of 3 seeds),olla 0.2,False,50,5.618554133333333,5.086261365333334,6.125912336000001,19.68656050735572,18.79826674429593,20.49151269827073,-0.11671333333333334,-0.13074016666666666,-0.10049316666666668
ppo gamma=0 seed=0,olla 0.05,False,50,5.875071999999999,5.610606767999999,6.128229752,19.59424347005475,17.80828262123075,21.58097457784083,0.00642,0.002880000000000001,0.01038
ppo gamma=0 seed=0,olla 0.1,True,50,5.51106272,5.231706312,5.7824627280000005,18.15975407859151,16.870305837971355,19.56699281768557,-0.042979999999999983,-0.04649999999999999,-0.0390595
ppo gamma=0 seed=0,olla 0.2,False,50,7.318685759999998,6.8014705840000005,7.824631584,25.643563562692616,24.56507658302,26.755708099543597,-0.14212000000000002,-0.14564050000000003,-0.1381995
ppo gamma=0 seed=1,olla 0.05,False,50,5.825666879999999,5.539792639999999,6.097661063999999,19.429470008564017,17.71376665348159,21.33060152800496,0.023039999999999998,0.015479500000000005,0.032000499999999994
ppo gamma=0 seed=1,olla 0.1,True,50,5.461657600000001,5.156148832,5.754421279999999,17.9969570147571,16.77863002206765,19.33617120205699,-0.02635999999999999,-0.03394,-0.0174
ppo gamma=0 seed=1,olla 0.2,False,50,7.269280639999998,6.725887319999999,7.800416168,25.47045552436601,24.457104021735766,26.50861564669348,-0.12550000000000003,-0.13304000000000002,-0.11653950000000002
ppo gamma=0 seed=2,olla 0.05,False,50,5.796729919999999,5.513917688,6.063966544,19.332960920756545,17.578441224261393,21.293803656580526,0.012900000000000002,0.005820000000000003,0.021220000000000003
ppo gamma=0 seed=2,olla 0.1,True,50,5.4327206399999985,5.140665808,5.718015568,17.901605518307054,16.646880903291983,19.277830907567086,-0.0365,-0.043540499999999996,-0.028179500000000003
ppo gamma=0 seed=2,olla 0.2,False,50,7.24034368,6.708681208,7.761284344000001,25.369064810595145,24.32815853478206,26.449318554981595,-0.13564,-0.1427,-0.12728
ppo gamma=0.9 seed=0,olla 0.05,False,50,4.2260864,3.921950952,4.491923376,14.094629963188058,12.658893065180665,15.644774244295979,0.020860000000000004,0.005359500000000006,0.03916
ppo gamma=0.9 seed=0,olla 0.1,True,50,3.8620771200000004,3.556192232,4.131594488,12.726106432654602,11.728509434179049,13.779609740610576,-0.028539999999999992,-0.044,-0.010259500000000003
ppo gamma=0.9 seed=0,olla 0.2,False,50,5.66970016,5.1510784,6.15358624,19.865768418286144,18.95936373457018,20.712914674364363,-0.12768000000000002,-0.14314000000000002,-0.10936000000000001
ppo gamma=0.9 seed=1,olla 0.05,False,50,4.12228928,3.785231663999999,4.437178511999999,13.748451049845299,12.337464785390775,15.151731698987277,0.04716000000000001,0.03168000000000001,0.06432049999999999
ppo gamma=0.9 seed=1,olla 0.1,True,50,3.7582800000000005,3.4166821040000004,4.082867176000001,12.384079809291105,11.374206421891163,13.338285552273803,-0.0022399999999999955,-0.017679999999999994,0.0149205
ppo gamma=0.9 seed=1,olla 0.2,False,50,5.565903039999999,4.99941892,6.113560352,19.502079071369238,18.5503915132703,20.366619246029458,-0.10138000000000001,-0.11682049999999998,-0.08421950000000002
ppo gamma=0.9 seed=2,olla 0.05,False,50,4.17644544,3.895941544,4.438391351999998,13.929069940038174,12.521689218678478,15.41745608108087,0.027460000000000005,0.015418500000000014,0.041020499999999994
ppo gamma=0.9 seed=2,olla 0.1,True,50,3.8124361600000003,3.5306959199999994,4.084895536,12.56253224168165,11.605885035204796,13.522699180916778,-0.02194,-0.034000999999999997,-0.008319999999999996
ppo gamma=0.9 seed=2,olla 0.2,False,50,5.620059200000001,5.10872376,6.117623352,19.691834032411776,18.8179162264368,20.476293280308976,-0.12108000000000001,-0.1331205,-0.10748
