policy,goodput_mbps_mean,goodput_mbps_std,observed_tbler_mean,observed_tbler_std,mean_mcs_mean,mean_mcs_std
ppo gamma=0 (3 seeds),35.81615296,0.039614170518015086,0.06725999999999999,0.008376896800128318,15.638693333333334,0.08070232049534369
ppo gamma=0.9 (3 seeds),34.15860373333333,0.051914925111450044,0.08496666666666668,0.013682957769917053,15.264333333333335,0.2015819876212498
ppo gamma=0 seed=0,35.85873536,4.4352362426896415,0.05955999999999999,0.008077843496599546,15.59188,1.5978949519080823
ppo gamma=0 seed=1,35.809330239999994,4.45553967140663,0.07618,0.016420434423810675,15.731879999999999,1.527755987497131
ppo gamma=0 seed=2,35.78039328,4.424605487547556,0.06604,0.01598299095914153,15.59232,1.523634672456331
ppo gamma=0.9 seed=0,34.20974976,4.519616784731469,0.07400000000000001,0.03570583519071731,15.10882,1.4134950519113174
ppo gamma=0.9 seed=1,34.10595263999999,4.541924784287452,0.10030000000000001,0.031153134317075996,15.492080000000001,1.407682458511152
ppo gamma=0.9 seed=2,34.1601088,4.391732590998558,0.0806,0.023859961814256488,15.1921,1.4352858244188775
olla 0.05,29.98366336,4.055436809445709,0.05314,0.0004623610902506586,13.525659999999998,1.6200475303041093
olla 0.1,30.347672640000003,3.9702997999453498,0.10254,0.00036575644598254073,14.376900000000001,1.6240794377123309
olla 0.2,28.540049600000003,3.666539289629529,0.20168,0.0004541169697580395,15.321540000000002,1.640515225436475
illa 0.1,19.44674048,2.1058370473114225,0.52428,0.014950941999307838,17.58388,1.7374651988840908
fixed 14,23.33781952,4.152064010007797,0.27684,0.1286584038797656,14.0,0.0
oracle 0.1,38.617902400000006,4.860235504806938,0.0262,0.0020286832072937246,16.20556,1.666008749610211
